000,0300-5254,Current Module,Cummins,New,1x,https://shop.cummins.com/SC/product/cummins-water-pump-gasket-169042/01t4N0000048ZnWQAU
001,A058G065,Onan Harness Kit (Coolent Level Senser),Cummins,New (Open-box),1x,https://shop.cummins.com/SC/product/cummins-o-ring-seal-193302/01t4N0000048ZsaQAE
002,300-6000-02,Battery Charger 208VAC 12/24 VDC 2A,Cummins,Takeoff,1x,
003,300-6000-03,Battery Charger 240VAC 12/24 VDC 2A,Cummins,Takeoff,1x,
004,300-6000-03,Battery Charger 240VAC 12/24 VDC 2A,Cummins,New,1x,
005,A046Y535,SmartGen Onan Battery Charger,Cummins,Takeoff,1x,
006,3288689,"Cummins Serpentine Belt for B-Series Engine, CPN 3288689 (GREEN)",Cummins,New,1x,
007,0503-0856,Onan Radiator Hose,Cummins,New,2x,
008,3972071,Cummins Thermostat,Cummins,New,1x,
009,3408612,Cummins Pressure Switch,Cummins,New,1x,https://shop.cummins.com/SC/product/cummins-o-ring-seal-4982184/01t4N0000048hQyQAI
010,205288,"Cummins Gasket, WTR TRF CONNECTION",Cummins,New,1x,https://shop.cummins.com/SC/product/onan-spacer-a052k315/01t4N0000048nYeQAI
011,3060912,Cummins Connection Gasket,Cummins,New,1x,https://shop.cummins.com/SC/product/onan-hose-clamp-503195108/01t4N0000048mM1QAI
012,3016794,Cummins Oil Seal,Cummins,New,1x,https://shop.cummins.com/SC/product/cummins-oil-drain-gasket-5264571/01t4N0000048hjhQAA
013,A064D637,Cummins Carbirator Mounting Gasket,Cummins,New,1x,
014,A058U950,Cummins/Onan Carburetor Assembly P2500I,Cummins,New,1x,
015,3028291,Cummins O Ring Seal (ORANGE),Cummins,New,2x,https://shop.cummins.com/SC/product/onan-air-filter-gasket-a051a054/01t4N0000048nXFQAY
016,70624,Cummins O Ring Seal (BLACK),Cummins,New,1x,https://shop.cummins.com/SC/product/onan-gasket-a051a062/01t4N0000048nXGQAY
017,0405-1872,Onan CLIP-DOOR,Cummins,New,1x,https://shop.cummins.com/SC/product/high-altitude-propane-regulator-kit-for-p9500df-generators-a065p007/01tKY000000191TYAQ
018,C0503105300,Onan 5031053 CEC/C0503105300 HOSE,Cummins,New,2x,https://shop.cummins.com/SC/product/cummins-connection-gasket-6389675/01tUz00000FA32PIAT
019,C0503105300,Onan 5031053 CEC/C0503105300 HOSE,Cummins,New (Open-box),1x,
020,406-0661,Onan Latch,Cummins,New,1x,
021,3275539PX,Cummins PTD Less Link Injector,Cummins,New,1x,
022,AL1200P25K,"Circuit breaker accessory, PowerPacT P, 800A to 1200A, 3/0 AWG ...",Schneider Electric,New,1x,
023,C0147056200,Injector Bosch. onan generator  ,Cummins,New,4x,
024,406-0369,Latch. Onan generator,Cummins,New,5x,
025,0402-0078,Dampner Vibration. onan,Cummins,New,1x,
026,3008710,Seal  rectanglar,Cummins,New,2x,
027,3029820,Seal Oring. package of 6,Cummins,New,12x,
028,3014449,Gasket. flange. package of 2,Cummins,New,1x,
029,3895479,Expansion plug. package of 2,Cummins,New,1x,
030,0322--0238,Idicator light. Green Run,Cummins,New,1x,
031,0322-0128,indicator light Red,Cummins,New,1x,
032,308-0533,Switch,Cummins,New,1x,
033,3922072,Expansion plug. ,Cummins,New,1x,
034,3007636,Expansion plug,Cummins,New,1x,
035,A034Y028,Switch Pushbuton,Cumnmins,New ,1x,
036,4295574,Gasket Cover. plate,Cummins,New,1x,
037,205289,Gasket Flange,Cummins ,New,1x,
038,3276073,Hose Braded,Cummins ,New,1x,
039,A046K103,Kit HMI 211,Cummins,New,1x,
040,A052X187,Onan Lead Kit,Cummins,New (Open-box),1x,
041,0541-1414-01,Controll Kit 1302,Cummins,New (Open-box),1x,
042,0150-2808,Woodward Actuator,Cummins,New (Open-box),1x,
043,A044Z051,Onan Accessories Kit,Cummins,New,1x,
044,169042,Cummins Water Pump Gasket,Cummins,New,1x,
045,193302,Cummins O Ring Seal,Cummins,New,1x,
046,0327-1601-01,Cummins Control Board PCB,Cummins,New (Open-box),1x,
047,4982883,Gasket injector,Cummins,New,4x,
048,QD 3200 ,Remote start kit,Cummins,New,1x,
049,365-2076,Cat VR6  AVR,Cat,New (Open-box),1x,
050,4982115,Seal O ring,Cummins,New,1x,
051,60252-1/A1,25uF Capacitor,N/A,New,1x,
052,A064U187,Antenna,Cummins,New,3x,
053,4982184,Cummins O Ring Seal,Cummins,New,1x,
054,A052K315,Onan Spacer,Cummins,New,2x,
055,0503-1951-08,Onan Hose Clamp,Cummins,New,1x,
056,5264571,Cummins Oil Drain Gasket,Cummins,New,1x,
057,A043G324,Cummins Air Cooled Generator Key,Cummins ,New,2x,
058,A061N034,Door Cam,Cummins,New,1x,
059,A051A054,Onan Air Filter Gasket,Cummins,New,1x,
060,A051A062,Onan Gasket,Cummins,New,1x,
061,A065P007,High Altitude Propane Regulator Kit for P9500DF Generators,Cummins,New (Open-box),1x,
062,6389675,Cummins Connection Gasket,Cummins,New,1x,
063,0541-0770,FT-10 Power Command Control 2100,Cummins,New,1x,
064,029Y779,Cummins Power Command Annunciator,Cummins,New (Damaged),1x,
065,A065F512,Acumen Mount,Cummins,New,2x,
066,A066M127,Genuine Cummins Acumen CAN Interface Harness Liquid,Cummins,New,9x,
067,A067K223,Genuine Cummins Splitter Receptacle Connector,Cummins,New,9x,
068,A065G849,Cummins Onan 857 Module Communication Card,Cummins,New (Open-box),1x,
069,0300-3094,Cummins Onan Time Delay,Cummins,New (Open-box),1x,
070,AS440ULL,StamFord AS440 UL AVR Kit,Cummins,Takeoff,1x,
071,300-4902,Onan Engine Control Board,Cummins,New (No-box),1x,
072,A064U164,Acumen Adhesive Remote Mount Antenna,Cummins,New,1x,
073,A064U164,Acumen Adhesive Remote Mount Antenna,Cummins,New (No-box),1x,
074,0307-0268,Solinoid valve,Cummins,New (Open-box),1x,
075,A034V246,Sensor Oxygen,Cummins,New (Open-box),1x,
076,305-0901,Voltage Sensor,Cummins,New (Open-box),1x,
077,0149-0625,Fuel filter assembly,Cummins,New (Open-box),1x,
078,A034B464,Door Holder Plunger type,Cummins,New,1x,
079,0307-2817-01,Relay 12 volts,Cummins,New,3x,
080,300-4750-02,transfer switch controller 120 vac,Cummins,Takeoff,1x,
081,282803,Ammeter Kohler,Kohler,New,1x,
082,52BAI,Contact Block kit,Siemens,New,1x,
083,A040l134,Wiring Harness. Cummins 3.3 controller,Cummins ,New,1x,
084,300-5929-01,Remote Annunciator,Cummins ,New,1x,
085,0541-0771,Aux 104 board,Cummins ,New,1x,
086,A054v134,ProtoNode,Cummins ,New (Open-box),1x,
087,A035c381,Antenna extension cable,Cummins,New,2x,